	CREATE TABLE regions (
		id INT (11) UNSIGNED NOT NULL,
		name VARCHAR(25),
		PRIMARY KEY (id)
		);

	CREATE TABLE countries (
		id CHAR(2) NOT NULL,
		name VARCHAR(40),
		region INT (11) UNSIGNED NOT NULL,
		PRIMARY KEY (id),
		FOREIGN KEY (region) REFERENCES regions(id)
	);


	CREATE TABLE locations (
		id INT (11) UNSIGNED NOT NULL AUTO_INCREMENT,
		street_address VARCHAR(40),
		postal_code VARCHAR(12),
		city VARCHAR(30) NOT NULL,
		state_province VARCHAR(25),
		country CHAR(2) NOT NULL,
		PRIMARY KEY (id),
		FOREIGN KEY (country) REFERENCES countries(id)
		);


	CREATE TABLE jobs (
		id VARCHAR(10) NOT NULL,
		title VARCHAR(35) NOT NULL,
		min_salary DECIMAL(8, 0) UNSIGNED,
		max_salary DECIMAL(8, 0) UNSIGNED,
		PRIMARY KEY (id)
		);

	CREATE TABLE employees (
		id INT (11) UNSIGNED NOT NULL,
		first_name VARCHAR(20),
		last_name VARCHAR(25) NOT NULL,
		email VARCHAR(25) NOT NULL,
		phone_number VARCHAR(20),
		hire_date DATE NOT NULL,
		job VARCHAR(10) NOT NULL,
		salary DECIMAL(8, 2) NOT NULL,
		commission_pct DECIMAL(2, 2),
		manager INT (11) UNSIGNED,
		department INT (11) UNSIGNED,
		PRIMARY KEY (id),
		FOREIGN KEY (job) REFERENCES jobs(id),
		FOREIGN KEY (manager) REFERENCES employees(id)
		);
		
		
	CREATE TABLE departments (
		id INT (11) UNSIGNED NOT NULL,
		name VARCHAR(30) NOT NULL,
		manager INT (11) UNSIGNED,
		location INT (11) UNSIGNED,
		PRIMARY KEY (id),
		FOREIGN KEY (location) REFERENCES locations(id),
		FOREIGN KEY (manager) REFERENCES employees(id)
		);

	CREATE TABLE job_history (
		employee INT (11) UNSIGNED NOT NULL,
		start_date DATE NOT NULL,
		end_date DATE NOT NULL,
		job VARCHAR(10) NOT NULL,
		department INT (11) UNSIGNED NOT NULL,
		FOREIGN KEY (employee) REFERENCES employees(id),
		FOREIGN KEY (job) REFERENCES jobs(id),
		FOREIGN KEY (department) REFERENCES departments(id)
		);

	ALTER TABLE job_history ADD UNIQUE INDEX (
		employee,
		start_date
		);


		
	--  SQLINES DEMO *** ------------------------------------
	-- SQLINES DEMO *** enin-Desember-07-2020   
	--  SQLINES DEMO *** ------------------------------------
	-- INSERTING into REGIONS
	/* SET DEFINE OFF; */
	Insert into REGIONS (ID,NAME) values ('1','Europe');
	Insert into REGIONS (ID,NAME) values ('2','Americas');
	Insert into REGIONS (ID,NAME) values ('3','Asia');
	Insert into REGIONS (ID,NAME) values ('4','Africa and Middle East');
	Insert into REGIONS (ID,NAME) values ('5','South East Asia');
	-- INSERTING into COUNTRIES
	/* SET DEFINE OFF; */
	Insert into COUNTRIES (ID,NAME,REGION) values ('AR','Argentina','2');
	Insert into COUNTRIES (ID,NAME,REGION) values ('AU','Australia','3');
	Insert into COUNTRIES (ID,NAME,REGION) values ('BE','Belgium','1');
	Insert into COUNTRIES (ID,NAME,REGION) values ('BR','Brazil','2');
	Insert into COUNTRIES (ID,NAME,REGION) values ('CA','Canada','2');
	Insert into COUNTRIES (ID,NAME,REGION) values ('CH','Switzerland','1');
	Insert into COUNTRIES (ID,NAME,REGION) values ('CN','China','3');
	Insert into COUNTRIES (ID,NAME,REGION) values ('DE','Germany','1');
	Insert into COUNTRIES (ID,NAME,REGION) values ('DK','Denmark','1');
	Insert into COUNTRIES (ID,NAME,REGION) values ('EG','Egypt','4');
	Insert into COUNTRIES (ID,NAME,REGION) values ('FR','France','1');
	Insert into COUNTRIES (ID,NAME,REGION) values ('ID','Indonesia','5');
	Insert into COUNTRIES (ID,NAME,REGION) values ('IL','Israel','4');
	Insert into COUNTRIES (ID,NAME,REGION) values ('IN','India','3');
	Insert into COUNTRIES (ID,NAME,REGION) values ('IT','Italy','1');
	Insert into COUNTRIES (ID,NAME,REGION) values ('JP','Japan','3');
	Insert into COUNTRIES (ID,NAME,REGION) values ('KW','Kuwait','4');
	Insert into COUNTRIES (ID,NAME,REGION) values ('ML','Malaysia','3');
	Insert into COUNTRIES (ID,NAME,REGION) values ('MX','Mexico','2');
	Insert into COUNTRIES (ID,NAME,REGION) values ('NG','Nigeria','4');
	Insert into COUNTRIES (ID,NAME,REGION) values ('NL','Netherlands','1');
	Insert into COUNTRIES (ID,NAME,REGION) values ('SG','Singapore','3');
	Insert into COUNTRIES (ID,NAME,REGION) values ('UK','United Kingdom','1');
	Insert into COUNTRIES (ID,NAME,REGION) values ('US','United States of America','2');
	Insert into COUNTRIES (ID,NAME,REGION) values ('ZM','Zambia','4');
	Insert into COUNTRIES (ID,NAME,REGION) values ('ZW','Zimbabwe','4');
	-- INSERTING into LOCATIONS
	/* SET DEFINE OFF; */
	Insert into LOCATIONS (ID,STREET_ADDRESS,POSTAL_CODE,CITY,STATE_PROVINCE,COUNTRY) values ('1000','1297 Via Cola di Rie','00989','Roma',null,'IT');
	Insert into LOCATIONS (ID,STREET_ADDRESS,POSTAL_CODE,CITY,STATE_PROVINCE,COUNTRY) values ('1100','93091 Calle della Testa','10934','Venice',null,'IT');
	Insert into LOCATIONS (ID,STREET_ADDRESS,POSTAL_CODE,CITY,STATE_PROVINCE,COUNTRY) values ('1200','2017 Shinjuku-ku','1689','Tokyo','Tokyo Prefecture','JP');
	Insert into LOCATIONS (ID,STREET_ADDRESS,POSTAL_CODE,CITY,STATE_PROVINCE,COUNTRY) values ('1300','9450 Kamiya-cho','6823','Hiroshima',null,'JP');
	Insert into LOCATIONS (ID,STREET_ADDRESS,POSTAL_CODE,CITY,STATE_PROVINCE,COUNTRY) values ('1400','2014 Jabberwocky Rd','26192','Southlake','Texas','US');
	Insert into LOCATIONS (ID,STREET_ADDRESS,POSTAL_CODE,CITY,STATE_PROVINCE,COUNTRY) values ('1500','2011 Interiors Blvd','99236','South San Francisco','California','US');
	Insert into LOCATIONS (ID,STREET_ADDRESS,POSTAL_CODE,CITY,STATE_PROVINCE,COUNTRY) values ('1600','2007 Zagora St','50090','South Brunswick','New Jersey','US');
	Insert into LOCATIONS (ID,STREET_ADDRESS,POSTAL_CODE,CITY,STATE_PROVINCE,COUNTRY) values ('1700','2004 Charade Rd','98199','Seattle','Washington','US');
	Insert into LOCATIONS (ID,STREET_ADDRESS,POSTAL_CODE,CITY,STATE_PROVINCE,COUNTRY) values ('1800','147 Spadina Ave','M5V 2L7','Toronto','Ontario','CA');
	Insert into LOCATIONS (ID,STREET_ADDRESS,POSTAL_CODE,CITY,STATE_PROVINCE,COUNTRY) values ('1900','6092 Boxwood St','YSW 9T2','Whitehorse','Yukon','CA');
	Insert into LOCATIONS (ID,STREET_ADDRESS,POSTAL_CODE,CITY,STATE_PROVINCE,COUNTRY) values ('2000','40-5-12 Laogianggen','190518','Beijing',null,'CN');
	Insert into LOCATIONS (ID,STREET_ADDRESS,POSTAL_CODE,CITY,STATE_PROVINCE,COUNTRY) values ('2100','1298 Vileparle (E)','490231','Bombay','Maharashtra','IN');
	Insert into LOCATIONS (ID,STREET_ADDRESS,POSTAL_CODE,CITY,STATE_PROVINCE,COUNTRY) values ('2200','12-98 Victoria Street','2901','Sydney','New South Wales','AU');
	Insert into LOCATIONS (ID,STREET_ADDRESS,POSTAL_CODE,CITY,STATE_PROVINCE,COUNTRY) values ('2300','198 Clementi North','540198','Singapore',null,'SG');
	Insert into LOCATIONS (ID,STREET_ADDRESS,POSTAL_CODE,CITY,STATE_PROVINCE,COUNTRY) values ('2400','8204 Arthur St',null,'London',null,'UK');
	Insert into LOCATIONS (ID,STREET_ADDRESS,POSTAL_CODE,CITY,STATE_PROVINCE,COUNTRY) values ('2500','Magdalen Centre, The Oxford Science Park','OX9 9ZB','Oxford','Oxford','UK');
	Insert into LOCATIONS (ID,STREET_ADDRESS,POSTAL_CODE,CITY,STATE_PROVINCE,COUNTRY) values ('2600','9702 Chester Road','09629850293','Stretford','Manchester','UK');
	Insert into LOCATIONS (ID,STREET_ADDRESS,POSTAL_CODE,CITY,STATE_PROVINCE,COUNTRY) values ('2700','Schwanthalerstr. 7031','80925','Munich','Bavaria','DE');
	Insert into LOCATIONS (ID,STREET_ADDRESS,POSTAL_CODE,CITY,STATE_PROVINCE,COUNTRY) values ('2800','Rua Frei Caneca 1360 ','01307-002','Sao Paulo','Sao Paulo','BR');
	Insert into LOCATIONS (ID,STREET_ADDRESS,POSTAL_CODE,CITY,STATE_PROVINCE,COUNTRY) values ('2900','20 Rue des Corps-Saints','1730','Geneva','Geneve','CH');
	Insert into LOCATIONS (ID,STREET_ADDRESS,POSTAL_CODE,CITY,STATE_PROVINCE,COUNTRY) values ('3000','Murtenstrasse 921','3095','Bern','BE','CH');
	Insert into LOCATIONS (ID,STREET_ADDRESS,POSTAL_CODE,CITY,STATE_PROVINCE,COUNTRY) values ('3100','Pieter Breughelstraat 837','3029SK','Utrecht','Utrecht','NL');
	Insert into LOCATIONS (ID,STREET_ADDRESS,POSTAL_CODE,CITY,STATE_PROVINCE,COUNTRY) values ('3200','Mariano Escobedo 9991','11932','Mexico City','Distrito Federal,','MX');
	-- INSERTING into JOBS
	/* SET DEFINE OFF; */
	Insert into JOBS (ID,TITLE,MIN_SALARY,MAX_SALARY) values ('AD_PRES','President','20080','40000');
	Insert into JOBS (ID,TITLE,MIN_SALARY,MAX_SALARY) values ('AD_VP','Administration Vice President','15000','30000');
	Insert into JOBS (ID,TITLE,MIN_SALARY,MAX_SALARY) values ('AD_ASST','Administration Assistant','3000','6000');
	Insert into JOBS (ID,TITLE,MIN_SALARY,MAX_SALARY) values ('FI_MGR','Finance Manager','8200','16000');
	Insert into JOBS (ID,TITLE,MIN_SALARY,MAX_SALARY) values ('FI_ACCOUNT','Accountant','4200','9000');
	Insert into JOBS (ID,TITLE,MIN_SALARY,MAX_SALARY) values ('AC_MGR','Accounting Manager','8200','16000');
	Insert into JOBS (ID,TITLE,MIN_SALARY,MAX_SALARY) values ('AC_ACCOUNT','Public Accountant','4200','9000');
	Insert into JOBS (ID,TITLE,MIN_SALARY,MAX_SALARY) values ('SA_MAN','Sales Manager','10000','20080');
	Insert into JOBS (ID,TITLE,MIN_SALARY,MAX_SALARY) values ('SA_REP','Sales Representative','6000','12008');
	Insert into JOBS (ID,TITLE,MIN_SALARY,MAX_SALARY) values ('PU_MAN','Purchasing Manager','8000','15000');
	Insert into JOBS (ID,TITLE,MIN_SALARY,MAX_SALARY) values ('PU_CLERK','Purchasing Clerk','2500','5500');
	Insert into JOBS (ID,TITLE,MIN_SALARY,MAX_SALARY) values ('ST_MAN','Stock Manager','5500','8500');
	Insert into JOBS (ID,TITLE,MIN_SALARY,MAX_SALARY) values ('ST_CLERK','Stock Clerk','2008','5000');
	Insert into JOBS (ID,TITLE,MIN_SALARY,MAX_SALARY) values ('SH_CLERK','Shipping Clerk','2500','5500');
	Insert into JOBS (ID,TITLE,MIN_SALARY,MAX_SALARY) values ('IT_PROG','Programmer','4000','10000');
	Insert into JOBS (ID,TITLE,MIN_SALARY,MAX_SALARY) values ('MK_MAN','Marketing Manager','9000','15000');
	Insert into JOBS (ID,TITLE,MIN_SALARY,MAX_SALARY) values ('MK_REP','Marketing Representative','4000','9000');
	Insert into JOBS (ID,TITLE,MIN_SALARY,MAX_SALARY) values ('HR_REP','Human Resources Representative','4000','9000');
	Insert into JOBS (ID,TITLE,MIN_SALARY,MAX_SALARY) values ('PR_REP','Public Relations Representative','4500','10500');

	-- INSERTING into EMPLOYEES
	/* SET DEFINE OFF; */
	Insert into EMPLOYEES (ID,FIRST_NAME,LAST_NAME,EMAIL,PHONE_NUMBER,HIRE_DATE,JOB,SALARY,COMMISSION_PCT,MANAGER,DEPARTMENT) values ('100','Steven','King','SKING','515.123.4567',str_to_date('17-06-2003','%d-%m-%Y'),'AD_PRES','24000',null,null,'90');
	Insert into EMPLOYEES (ID,FIRST_NAME,LAST_NAME,EMAIL,PHONE_NUMBER,HIRE_DATE,JOB,SALARY,COMMISSION_PCT,MANAGER,DEPARTMENT) values ('101','Neena','Kochhar','NKOCHHAR','515.123.4568',str_to_date('21-09-2005','%d-%m-%Y'),'AD_VP','17000',null,'100','90');
	Insert into EMPLOYEES (ID,FIRST_NAME,LAST_NAME,EMAIL,PHONE_NUMBER,HIRE_DATE,JOB,SALARY,COMMISSION_PCT,MANAGER,DEPARTMENT) values ('102','Lex','De Haan','LDEHAAN','515.123.4569',str_to_date('13-01-2001','%d-%m-%Y'),'AD_VP','17000',null,'100','90');
	Insert into EMPLOYEES (ID,FIRST_NAME,LAST_NAME,EMAIL,PHONE_NUMBER,HIRE_DATE,JOB,SALARY,COMMISSION_PCT,MANAGER,DEPARTMENT) values ('103','Alexander','Hunold','AHUNOLD','590.423.4567',str_to_date('03-01-2006','%d-%m-%Y'),'IT_PROG','9000',null,'102','60');
	Insert into EMPLOYEES (ID,FIRST_NAME,LAST_NAME,EMAIL,PHONE_NUMBER,HIRE_DATE,JOB,SALARY,COMMISSION_PCT,MANAGER,DEPARTMENT) values ('104','Bruce','Ernst','BERNST','590.423.4568',str_to_date('21-05-2007','%d-%m-%Y'),'IT_PROG','6000',null,'103','60');
	Insert into EMPLOYEES (ID,FIRST_NAME,LAST_NAME,EMAIL,PHONE_NUMBER,HIRE_DATE,JOB,SALARY,COMMISSION_PCT,MANAGER,DEPARTMENT) values ('105','David','Austin','DAUSTIN','590.423.4569',str_to_date('25-06-2005','%d-%m-%Y'),'IT_PROG','4800',null,'103','60');
	Insert into EMPLOYEES (ID,FIRST_NAME,LAST_NAME,EMAIL,PHONE_NUMBER,HIRE_DATE,JOB,SALARY,COMMISSION_PCT,MANAGER,DEPARTMENT) values ('106','Valli','Pataballa','VPATABAL','590.423.4560',str_to_date('05-02-2006','%d-%m-%Y'),'IT_PROG','4800',null,'103','60');
	Insert into EMPLOYEES (ID,FIRST_NAME,LAST_NAME,EMAIL,PHONE_NUMBER,HIRE_DATE,JOB,SALARY,COMMISSION_PCT,MANAGER,DEPARTMENT) values ('107','Diana','Lorentz','DLORENTZ','590.423.5567',str_to_date('07-02-2007','%d-%m-%Y'),'IT_PROG','4200',null,'103','60');
	Insert into EMPLOYEES (ID,FIRST_NAME,LAST_NAME,EMAIL,PHONE_NUMBER,HIRE_DATE,JOB,SALARY,COMMISSION_PCT,MANAGER,DEPARTMENT) values ('108','Nancy','Greenberg','NGREENBE','515.124.4569',str_to_date('17-08-2002','%d-%m-%Y'),'FI_MGR','12008',null,'101','100');
	Insert into EMPLOYEES (ID,FIRST_NAME,LAST_NAME,EMAIL,PHONE_NUMBER,HIRE_DATE,JOB,SALARY,COMMISSION_PCT,MANAGER,DEPARTMENT) values ('109','Daniel','Faviet','DFAVIET','515.124.4169',str_to_date('16-08-2002','%d-%m-%Y'),'FI_ACCOUNT','9000',null,'108','100');
	Insert into EMPLOYEES (ID,FIRST_NAME,LAST_NAME,EMAIL,PHONE_NUMBER,HIRE_DATE,JOB,SALARY,COMMISSION_PCT,MANAGER,DEPARTMENT) values ('110','John','Chen','JCHEN','515.124.4269',str_to_date('28-09-2005','%d-%m-%Y'),'FI_ACCOUNT','8200',null,'108','100');
	Insert into EMPLOYEES (ID,FIRST_NAME,LAST_NAME,EMAIL,PHONE_NUMBER,HIRE_DATE,JOB,SALARY,COMMISSION_PCT,MANAGER,DEPARTMENT) values ('111','Ismael','Sciarra','ISCIARRA','515.124.4369',str_to_date('30-09-2005','%d-%m-%Y'),'FI_ACCOUNT','7700',null,'108','100');
	Insert into EMPLOYEES (ID,FIRST_NAME,LAST_NAME,EMAIL,PHONE_NUMBER,HIRE_DATE,JOB,SALARY,COMMISSION_PCT,MANAGER,DEPARTMENT) values ('112','Jose Manuel','Urman','JMURMAN','515.124.4469',str_to_date('07-03-2006','%d-%m-%Y'),'FI_ACCOUNT','7800',null,'108','100');
	Insert into EMPLOYEES (ID,FIRST_NAME,LAST_NAME,EMAIL,PHONE_NUMBER,HIRE_DATE,JOB,SALARY,COMMISSION_PCT,MANAGER,DEPARTMENT) values ('113','Luis','Popp','LPOPP','515.124.4567',str_to_date('07-12-2007','%d-%m-%Y'),'FI_ACCOUNT','6900',null,'108','100');
	Insert into EMPLOYEES (ID,FIRST_NAME,LAST_NAME,EMAIL,PHONE_NUMBER,HIRE_DATE,JOB,SALARY,COMMISSION_PCT,MANAGER,DEPARTMENT) values ('114','Den','Raphaely','DRAPHEAL','515.127.4561',str_to_date('07-12-2002','%d-%m-%Y'),'PU_MAN','11000',null,'100','30');
	Insert into EMPLOYEES (ID,FIRST_NAME,LAST_NAME,EMAIL,PHONE_NUMBER,HIRE_DATE,JOB,SALARY,COMMISSION_PCT,MANAGER,DEPARTMENT) values ('115','Alexander','Khoo','AKHOO','515.127.4562',str_to_date('18-05-2003','%d-%m-%Y'),'PU_CLERK','3100',null,'114','30');
	Insert into EMPLOYEES (ID,FIRST_NAME,LAST_NAME,EMAIL,PHONE_NUMBER,HIRE_DATE,JOB,SALARY,COMMISSION_PCT,MANAGER,DEPARTMENT) values ('116','Shelli','Baida','SBAIDA','515.127.4563',str_to_date('24-12-2005','%d-%m-%Y'),'PU_CLERK','2900',null,'114','30');
	Insert into EMPLOYEES (ID,FIRST_NAME,LAST_NAME,EMAIL,PHONE_NUMBER,HIRE_DATE,JOB,SALARY,COMMISSION_PCT,MANAGER,DEPARTMENT) values ('117','Sigal','Tobias','STOBIAS','515.127.4564',str_to_date('24-07-2005','%d-%m-%Y'),'PU_CLERK','2800',null,'114','30');
	Insert into EMPLOYEES (ID,FIRST_NAME,LAST_NAME,EMAIL,PHONE_NUMBER,HIRE_DATE,JOB,SALARY,COMMISSION_PCT,MANAGER,DEPARTMENT) values ('118','Guy','Himuro','GHIMURO','515.127.4565',str_to_date('15-11-2006','%d-%m-%Y'),'PU_CLERK','2600',null,'114','30');
	Insert into EMPLOYEES (ID,FIRST_NAME,LAST_NAME,EMAIL,PHONE_NUMBER,HIRE_DATE,JOB,SALARY,COMMISSION_PCT,MANAGER,DEPARTMENT) values ('119','Karen','Colmenares','KCOLMENA','515.127.4566',str_to_date('10-08-2007','%d-%m-%Y'),'PU_CLERK','2500',null,'114','30');
	Insert into EMPLOYEES (ID,FIRST_NAME,LAST_NAME,EMAIL,PHONE_NUMBER,HIRE_DATE,JOB,SALARY,COMMISSION_PCT,MANAGER,DEPARTMENT) values ('120','Matthew','Weiss','MWEISS','650.123.1234',str_to_date('18-07-2004','%d-%m-%Y'),'ST_MAN','8000',null,'100','50');
	Insert into EMPLOYEES (ID,FIRST_NAME,LAST_NAME,EMAIL,PHONE_NUMBER,HIRE_DATE,JOB,SALARY,COMMISSION_PCT,MANAGER,DEPARTMENT) values ('121','Adam','Fripp','AFRIPP','650.123.2234',str_to_date('10-04-2005','%d-%m-%Y'),'ST_MAN','8200',null,'100','50');
	Insert into EMPLOYEES (ID,FIRST_NAME,LAST_NAME,EMAIL,PHONE_NUMBER,HIRE_DATE,JOB,SALARY,COMMISSION_PCT,MANAGER,DEPARTMENT) values ('122','Payam','Kaufling','PKAUFLIN','650.123.3234',str_to_date('01-05-2003','%d-%m-%Y'),'ST_MAN','7900',null,'100','50');
	Insert into EMPLOYEES (ID,FIRST_NAME,LAST_NAME,EMAIL,PHONE_NUMBER,HIRE_DATE,JOB,SALARY,COMMISSION_PCT,MANAGER,DEPARTMENT) values ('123','Shanta','Vollman','SVOLLMAN','650.123.4234',str_to_date('10-10-2005','%d-%m-%Y'),'ST_MAN','6500',null,'100','50');
	Insert into EMPLOYEES (ID,FIRST_NAME,LAST_NAME,EMAIL,PHONE_NUMBER,HIRE_DATE,JOB,SALARY,COMMISSION_PCT,MANAGER,DEPARTMENT) values ('124','Kevin','Mourgos','KMOURGOS','650.123.5234',str_to_date('16-11-2007','%d-%m-%Y'),'ST_MAN','5800',null,'100','50');
	Insert into EMPLOYEES (ID,FIRST_NAME,LAST_NAME,EMAIL,PHONE_NUMBER,HIRE_DATE,JOB,SALARY,COMMISSION_PCT,MANAGER,DEPARTMENT) values ('125','Julia','Nayer','JNAYER','650.124.1214',str_to_date('16-07-2005','%d-%m-%Y'),'ST_CLERK','3200',null,'120','50');
	Insert into EMPLOYEES (ID,FIRST_NAME,LAST_NAME,EMAIL,PHONE_NUMBER,HIRE_DATE,JOB,SALARY,COMMISSION_PCT,MANAGER,DEPARTMENT) values ('126','Irene','Mikkilineni','IMIKKILI','650.124.1224',str_to_date('28-09-2006','%d-%m-%Y'),'ST_CLERK','2700',null,'120','50');
	Insert into EMPLOYEES (ID,FIRST_NAME,LAST_NAME,EMAIL,PHONE_NUMBER,HIRE_DATE,JOB,SALARY,COMMISSION_PCT,MANAGER,DEPARTMENT) values ('127','James','Landry','JLANDRY','650.124.1334',str_to_date('14-01-2007','%d-%m-%Y'),'ST_CLERK','2400',null,'120','50');
	Insert into EMPLOYEES (ID,FIRST_NAME,LAST_NAME,EMAIL,PHONE_NUMBER,HIRE_DATE,JOB,SALARY,COMMISSION_PCT,MANAGER,DEPARTMENT) values ('128','Steven','Markle','SMARKLE','650.124.1434',str_to_date('08-03-2008','%d-%m-%Y'),'ST_CLERK','2200',null,'120','50');
	Insert into EMPLOYEES (ID,FIRST_NAME,LAST_NAME,EMAIL,PHONE_NUMBER,HIRE_DATE,JOB,SALARY,COMMISSION_PCT,MANAGER,DEPARTMENT) values ('129','Laura','Bissot','LBISSOT','650.124.5234',str_to_date('20-08-2005','%d-%m-%Y'),'ST_CLERK','3300',null,'121','50');
	Insert into EMPLOYEES (ID,FIRST_NAME,LAST_NAME,EMAIL,PHONE_NUMBER,HIRE_DATE,JOB,SALARY,COMMISSION_PCT,MANAGER,DEPARTMENT) values ('130','Mozhe','Atkinson','MATKINSO','650.124.6234',str_to_date('30-10-2005','%d-%m-%Y'),'ST_CLERK','2800',null,'121','50');
	Insert into EMPLOYEES (ID,FIRST_NAME,LAST_NAME,EMAIL,PHONE_NUMBER,HIRE_DATE,JOB,SALARY,COMMISSION_PCT,MANAGER,DEPARTMENT) values ('131','James','Marlow','JAMRLOW','650.124.7234',str_to_date('16-02-2005','%d-%m-%Y'),'ST_CLERK','2500',null,'121','50');
	Insert into EMPLOYEES (ID,FIRST_NAME,LAST_NAME,EMAIL,PHONE_NUMBER,HIRE_DATE,JOB,SALARY,COMMISSION_PCT,MANAGER,DEPARTMENT) values ('132','TJ','Olson','TJOLSON','650.124.8234',str_to_date('10-04-2007','%d-%m-%Y'),'ST_CLERK','2100',null,'121','50');
	Insert into EMPLOYEES (ID,FIRST_NAME,LAST_NAME,EMAIL,PHONE_NUMBER,HIRE_DATE,JOB,SALARY,COMMISSION_PCT,MANAGER,DEPARTMENT) values ('133','Jason','Mallin','JMALLIN','650.127.1934',str_to_date('14-06-2004','%d-%m-%Y'),'ST_CLERK','3300',null,'122','50');
	Insert into EMPLOYEES (ID,FIRST_NAME,LAST_NAME,EMAIL,PHONE_NUMBER,HIRE_DATE,JOB,SALARY,COMMISSION_PCT,MANAGER,DEPARTMENT) values ('134','Michael','Rogers','MROGERS','650.127.1834',str_to_date('26-08-2006','%d-%m-%Y'),'ST_CLERK','2900',null,'122','50');
	Insert into EMPLOYEES (ID,FIRST_NAME,LAST_NAME,EMAIL,PHONE_NUMBER,HIRE_DATE,JOB,SALARY,COMMISSION_PCT,MANAGER,DEPARTMENT) values ('135','Ki','Gee','KGEE','650.127.1734',str_to_date('12-12-2007','%d-%m-%Y'),'ST_CLERK','2400',null,'122','50');
	Insert into EMPLOYEES (ID,FIRST_NAME,LAST_NAME,EMAIL,PHONE_NUMBER,HIRE_DATE,JOB,SALARY,COMMISSION_PCT,MANAGER,DEPARTMENT) values ('136','Hazel','Philtanker','HPHILTAN','650.127.1634',str_to_date('06-02-2008','%d-%m-%Y'),'ST_CLERK','2200',null,'122','50');
	Insert into EMPLOYEES (ID,FIRST_NAME,LAST_NAME,EMAIL,PHONE_NUMBER,HIRE_DATE,JOB,SALARY,COMMISSION_PCT,MANAGER,DEPARTMENT) values ('137','Renske','Ladwig','RLADWIG','650.121.1234',str_to_date('14-07-2003','%d-%m-%Y'),'ST_CLERK','3600',null,'123','50');
	Insert into EMPLOYEES (ID,FIRST_NAME,LAST_NAME,EMAIL,PHONE_NUMBER,HIRE_DATE,JOB,SALARY,COMMISSION_PCT,MANAGER,DEPARTMENT) values ('138','Stephen','Stiles','SSTILES','650.121.2034',str_to_date('26-10-2005','%d-%m-%Y'),'ST_CLERK','3200',null,'123','50');
	Insert into EMPLOYEES (ID,FIRST_NAME,LAST_NAME,EMAIL,PHONE_NUMBER,HIRE_DATE,JOB,SALARY,COMMISSION_PCT,MANAGER,DEPARTMENT) values ('139','John','Seo','JSEO','650.121.2019',str_to_date('12-02-2006','%d-%m-%Y'),'ST_CLERK','2700',null,'123','50');
	Insert into EMPLOYEES (ID,FIRST_NAME,LAST_NAME,EMAIL,PHONE_NUMBER,HIRE_DATE,JOB,SALARY,COMMISSION_PCT,MANAGER,DEPARTMENT) values ('140','Joshua','Patel','JPATEL','650.121.1834',str_to_date('06-04-2006','%d-%m-%Y'),'ST_CLERK','2500',null,'123','50');
	Insert into EMPLOYEES (ID,FIRST_NAME,LAST_NAME,EMAIL,PHONE_NUMBER,HIRE_DATE,JOB,SALARY,COMMISSION_PCT,MANAGER,DEPARTMENT) values ('141','Trenna','Rajs','TRAJS','650.121.8009',str_to_date('17-10-2003','%d-%m-%Y'),'ST_CLERK','3500',null,'124','50');
	Insert into EMPLOYEES (ID,FIRST_NAME,LAST_NAME,EMAIL,PHONE_NUMBER,HIRE_DATE,JOB,SALARY,COMMISSION_PCT,MANAGER,DEPARTMENT) values ('142','Curtis','Davies','CDAVIES','650.121.2994',str_to_date('29-01-2005','%d-%m-%Y'),'ST_CLERK','3100',null,'124','50');
	Insert into EMPLOYEES (ID,FIRST_NAME,LAST_NAME,EMAIL,PHONE_NUMBER,HIRE_DATE,JOB,SALARY,COMMISSION_PCT,MANAGER,DEPARTMENT) values ('143','Randall','Matos','RMATOS','650.121.2874',str_to_date('15-03-2006','%d-%m-%Y'),'ST_CLERK','2600',null,'124','50');
	Insert into EMPLOYEES (ID,FIRST_NAME,LAST_NAME,EMAIL,PHONE_NUMBER,HIRE_DATE,JOB,SALARY,COMMISSION_PCT,MANAGER,DEPARTMENT) values ('144','Peter','Vargas','PVARGAS','650.121.2004',str_to_date('09-07-2006','%d-%m-%Y'),'ST_CLERK','2500',null,'124','50');
	Insert into EMPLOYEES (ID,FIRST_NAME,LAST_NAME,EMAIL,PHONE_NUMBER,HIRE_DATE,JOB,SALARY,COMMISSION_PCT,MANAGER,DEPARTMENT) values ('145','John','Russell','JRUSSEL','011.44.1344.429268',str_to_date('01-10-2004','%d-%m-%Y'),'SA_MAN','14000','0.4','100','80');
	Insert into EMPLOYEES (ID,FIRST_NAME,LAST_NAME,EMAIL,PHONE_NUMBER,HIRE_DATE,JOB,SALARY,COMMISSION_PCT,MANAGER,DEPARTMENT) values ('146','Karen','Partners','KPARTNER','011.44.1344.467268',str_to_date('05-01-2005','%d-%m-%Y'),'SA_MAN','13500','0.3','100','80');
	Insert into EMPLOYEES (ID,FIRST_NAME,LAST_NAME,EMAIL,PHONE_NUMBER,HIRE_DATE,JOB,SALARY,COMMISSION_PCT,MANAGER,DEPARTMENT) values ('147','Alberto','Errazuriz','AERRAZUR','011.44.1344.429278',str_to_date('10-03-2005','%d-%m-%Y'),'SA_MAN','12000','0.3','100','80');
	Insert into EMPLOYEES (ID,FIRST_NAME,LAST_NAME,EMAIL,PHONE_NUMBER,HIRE_DATE,JOB,SALARY,COMMISSION_PCT,MANAGER,DEPARTMENT) values ('148','Gerald','Cambrault','GCAMBRAU','011.44.1344.619268',str_to_date('15-10-2007','%d-%m-%Y'),'SA_MAN','11000','0.3','100','80');
	Insert into EMPLOYEES (ID,FIRST_NAME,LAST_NAME,EMAIL,PHONE_NUMBER,HIRE_DATE,JOB,SALARY,COMMISSION_PCT,MANAGER,DEPARTMENT) values ('149','Eleni','Zlotkey','EZLOTKEY','011.44.1344.429018',str_to_date('29-01-2008','%d-%m-%Y'),'SA_MAN','10500','0.2','100','80');
	Insert into EMPLOYEES (ID,FIRST_NAME,LAST_NAME,EMAIL,PHONE_NUMBER,HIRE_DATE,JOB,SALARY,COMMISSION_PCT,MANAGER,DEPARTMENT) values ('150','Peter','Tucker','PTUCKER','011.44.1344.129268',str_to_date('30-01-2005','%d-%m-%Y'),'SA_REP','10000','0.3','145','80');
	Insert into EMPLOYEES (ID,FIRST_NAME,LAST_NAME,EMAIL,PHONE_NUMBER,HIRE_DATE,JOB,SALARY,COMMISSION_PCT,MANAGER,DEPARTMENT) values ('151','David','Bernstein','DBERNSTE','011.44.1344.345268',str_to_date('24-03-2005','%d-%m-%Y'),'SA_REP','9500','0.25','145','80');
	Insert into EMPLOYEES (ID,FIRST_NAME,LAST_NAME,EMAIL,PHONE_NUMBER,HIRE_DATE,JOB,SALARY,COMMISSION_PCT,MANAGER,DEPARTMENT) values ('152','Peter','Hall','PHALL','011.44.1344.478968',str_to_date('20-08-2005','%d-%m-%Y'),'SA_REP','9000','0.25','145','80');
	Insert into EMPLOYEES (ID,FIRST_NAME,LAST_NAME,EMAIL,PHONE_NUMBER,HIRE_DATE,JOB,SALARY,COMMISSION_PCT,MANAGER,DEPARTMENT) values ('153','Christopher','Olsen','COLSEN','011.44.1344.498718',str_to_date('30-03-2006','%d-%m-%Y'),'SA_REP','8000','0.2','145','80');
	Insert into EMPLOYEES (ID,FIRST_NAME,LAST_NAME,EMAIL,PHONE_NUMBER,HIRE_DATE,JOB,SALARY,COMMISSION_PCT,MANAGER,DEPARTMENT) values ('154','Nanette','Cambrault','NCAMBRAU','011.44.1344.987668',str_to_date('09-12-2006','%d-%m-%Y'),'SA_REP','7500','0.2','145','80');
	Insert into EMPLOYEES (ID,FIRST_NAME,LAST_NAME,EMAIL,PHONE_NUMBER,HIRE_DATE,JOB,SALARY,COMMISSION_PCT,MANAGER,DEPARTMENT) values ('155','Oliver','Tuvault','OTUVAULT','011.44.1344.486508',str_to_date('23-11-2007','%d-%m-%Y'),'SA_REP','7000','0.15','145','80');
	Insert into EMPLOYEES (ID,FIRST_NAME,LAST_NAME,EMAIL,PHONE_NUMBER,HIRE_DATE,JOB,SALARY,COMMISSION_PCT,MANAGER,DEPARTMENT) values ('156','Janette','King','JKING','011.44.1345.429268',str_to_date('30-01-2004','%d-%m-%Y'),'SA_REP','10000','0.35','146','80');
	Insert into EMPLOYEES (ID,FIRST_NAME,LAST_NAME,EMAIL,PHONE_NUMBER,HIRE_DATE,JOB,SALARY,COMMISSION_PCT,MANAGER,DEPARTMENT) values ('157','Patrick','Sully','PSULLY','011.44.1345.929268',str_to_date('04-03-2004','%d-%m-%Y'),'SA_REP','9500','0.35','146','80');
	Insert into EMPLOYEES (ID,FIRST_NAME,LAST_NAME,EMAIL,PHONE_NUMBER,HIRE_DATE,JOB,SALARY,COMMISSION_PCT,MANAGER,DEPARTMENT) values ('158','Allan','McEwen','AMCEWEN','011.44.1345.829268',str_to_date('01-08-2004','%d-%m-%Y'),'SA_REP','9000','0.35','146','80');
	Insert into EMPLOYEES (ID,FIRST_NAME,LAST_NAME,EMAIL,PHONE_NUMBER,HIRE_DATE,JOB,SALARY,COMMISSION_PCT,MANAGER,DEPARTMENT) values ('159','Lindsey','Smith','LSMITH','011.44.1345.729268',str_to_date('10-03-2005','%d-%m-%Y'),'SA_REP','8000','0.3','146','80');
	Insert into EMPLOYEES (ID,FIRST_NAME,LAST_NAME,EMAIL,PHONE_NUMBER,HIRE_DATE,JOB,SALARY,COMMISSION_PCT,MANAGER,DEPARTMENT) values ('160','Louise','Doran','LDORAN','011.44.1345.629268',str_to_date('15-12-2005','%d-%m-%Y'),'SA_REP','7500','0.3','146','80');
	Insert into EMPLOYEES (ID,FIRST_NAME,LAST_NAME,EMAIL,PHONE_NUMBER,HIRE_DATE,JOB,SALARY,COMMISSION_PCT,MANAGER,DEPARTMENT) values ('161','Sarath','Sewall','SSEWALL','011.44.1345.529268',str_to_date('03-11-2006','%d-%m-%Y'),'SA_REP','7000','0.25','146','80');
	Insert into EMPLOYEES (ID,FIRST_NAME,LAST_NAME,EMAIL,PHONE_NUMBER,HIRE_DATE,JOB,SALARY,COMMISSION_PCT,MANAGER,DEPARTMENT) values ('162','Clara','Vishney','CVISHNEY','011.44.1346.129268',str_to_date('11-11-2005','%d-%m-%Y'),'SA_REP','10500','0.25','147','80');
	Insert into EMPLOYEES (ID,FIRST_NAME,LAST_NAME,EMAIL,PHONE_NUMBER,HIRE_DATE,JOB,SALARY,COMMISSION_PCT,MANAGER,DEPARTMENT) values ('163','Danielle','Greene','DGREENE','011.44.1346.229268',str_to_date('19-03-2007','%d-%m-%Y'),'SA_REP','9500','0.15','147','80');
	Insert into EMPLOYEES (ID,FIRST_NAME,LAST_NAME,EMAIL,PHONE_NUMBER,HIRE_DATE,JOB,SALARY,COMMISSION_PCT,MANAGER,DEPARTMENT) values ('164','Mattea','Marvins','MMARVINS','011.44.1346.329268',str_to_date('24-01-2008','%d-%m-%Y'),'SA_REP','7200','0.1','147','80');
	Insert into EMPLOYEES (ID,FIRST_NAME,LAST_NAME,EMAIL,PHONE_NUMBER,HIRE_DATE,JOB,SALARY,COMMISSION_PCT,MANAGER,DEPARTMENT) values ('165','David','Lee','DLEE','011.44.1346.529268',str_to_date('23-02-2008','%d-%m-%Y'),'SA_REP','6800','0.1','147','80');
	Insert into EMPLOYEES (ID,FIRST_NAME,LAST_NAME,EMAIL,PHONE_NUMBER,HIRE_DATE,JOB,SALARY,COMMISSION_PCT,MANAGER,DEPARTMENT) values ('166','Sundar','Ande','SANDE','011.44.1346.629268',str_to_date('24-03-2008','%d-%m-%Y'),'SA_REP','6400','0.1','147','80');
	Insert into EMPLOYEES (ID,FIRST_NAME,LAST_NAME,EMAIL,PHONE_NUMBER,HIRE_DATE,JOB,SALARY,COMMISSION_PCT,MANAGER,DEPARTMENT) values ('167','Amit','Banda','ABANDA','011.44.1346.729268',str_to_date('21-04-2008','%d-%m-%Y'),'SA_REP','6200','0.1','147','80');
	Insert into EMPLOYEES (ID,FIRST_NAME,LAST_NAME,EMAIL,PHONE_NUMBER,HIRE_DATE,JOB,SALARY,COMMISSION_PCT,MANAGER,DEPARTMENT) values ('168','Lisa','Ozer','LOZER','011.44.1343.929268',str_to_date('11-03-2005','%d-%m-%Y'),'SA_REP','11500','0.25','148','80');
	Insert into EMPLOYEES (ID,FIRST_NAME,LAST_NAME,EMAIL,PHONE_NUMBER,HIRE_DATE,JOB,SALARY,COMMISSION_PCT,MANAGER,DEPARTMENT) values ('169','Harrison','Bloom','HBLOOM','011.44.1343.829268',str_to_date('23-03-2006','%d-%m-%Y'),'SA_REP','10000','0.2','148','80');
	Insert into EMPLOYEES (ID,FIRST_NAME,LAST_NAME,EMAIL,PHONE_NUMBER,HIRE_DATE,JOB,SALARY,COMMISSION_PCT,MANAGER,DEPARTMENT) values ('170','Tayler','Fox','TFOX','011.44.1343.729268',str_to_date('24-01-2006','%d-%m-%Y'),'SA_REP','9600','0.2','148','80');
	Insert into EMPLOYEES (ID,FIRST_NAME,LAST_NAME,EMAIL,PHONE_NUMBER,HIRE_DATE,JOB,SALARY,COMMISSION_PCT,MANAGER,DEPARTMENT) values ('171','William','Smith','WSMITH','011.44.1343.629268',str_to_date('23-02-2007','%d-%m-%Y'),'SA_REP','7400','0.15','148','80');
	Insert into EMPLOYEES (ID,FIRST_NAME,LAST_NAME,EMAIL,PHONE_NUMBER,HIRE_DATE,JOB,SALARY,COMMISSION_PCT,MANAGER,DEPARTMENT) values ('172','Elizabeth','Bates','EBATES','011.44.1343.529268',str_to_date('24-03-2007','%d-%m-%Y'),'SA_REP','7300','0.15','148','80');
	Insert into EMPLOYEES (ID,FIRST_NAME,LAST_NAME,EMAIL,PHONE_NUMBER,HIRE_DATE,JOB,SALARY,COMMISSION_PCT,MANAGER,DEPARTMENT) values ('173','Sundita','Kumar','SKUMAR','011.44.1343.329268',str_to_date('21-04-2008','%d-%m-%Y'),'SA_REP','6100','0.1','148','80');
	Insert into EMPLOYEES (ID,FIRST_NAME,LAST_NAME,EMAIL,PHONE_NUMBER,HIRE_DATE,JOB,SALARY,COMMISSION_PCT,MANAGER,DEPARTMENT) values ('174','Ellen','Abel','EABEL','011.44.1644.429267',str_to_date('11-05-2004','%d-%m-%Y'),'SA_REP','11000','0.3','149','80');
	Insert into EMPLOYEES (ID,FIRST_NAME,LAST_NAME,EMAIL,PHONE_NUMBER,HIRE_DATE,JOB,SALARY,COMMISSION_PCT,MANAGER,DEPARTMENT) values ('175','Alyssa','Hutton','AHUTTON','011.44.1644.429266',str_to_date('19-03-2005','%d-%m-%Y'),'SA_REP','8800','0.25','149','80');
	Insert into EMPLOYEES (ID,FIRST_NAME,LAST_NAME,EMAIL,PHONE_NUMBER,HIRE_DATE,JOB,SALARY,COMMISSION_PCT,MANAGER,DEPARTMENT) values ('176','Jonathon','Taylor','JohnTaylor@mii.co.id','011.44.1644.429265',str_to_date('24-03-2006','%d-%m-%Y'),'SA_REP','8600','0.2','149','80');
	Insert into EMPLOYEES (ID,FIRST_NAME,LAST_NAME,EMAIL,PHONE_NUMBER,HIRE_DATE,JOB,SALARY,COMMISSION_PCT,MANAGER,DEPARTMENT) values ('177','Jack','Livingston','JLIVINGS','011.44.1644.429264',str_to_date('23-04-2006','%d-%m-%Y'),'SA_REP','8400','0.2','149','80');
	Insert into EMPLOYEES (ID,FIRST_NAME,LAST_NAME,EMAIL,PHONE_NUMBER,HIRE_DATE,JOB,SALARY,COMMISSION_PCT,MANAGER,DEPARTMENT) values ('178','Kimberely','Grant','KGRANT','011.44.1644.429263',str_to_date('24-05-2007','%d-%m-%Y'),'SA_REP','7000','0.15','149',null);
	Insert into EMPLOYEES (ID,FIRST_NAME,LAST_NAME,EMAIL,PHONE_NUMBER,HIRE_DATE,JOB,SALARY,COMMISSION_PCT,MANAGER,DEPARTMENT) values ('179','Charles','Johnson','CJOHNSON','011.44.1644.429262',str_to_date('04-01-2008','%d-%m-%Y'),'SA_REP','6200','0.1','149','80');
	Insert into EMPLOYEES (ID,FIRST_NAME,LAST_NAME,EMAIL,PHONE_NUMBER,HIRE_DATE,JOB,SALARY,COMMISSION_PCT,MANAGER,DEPARTMENT) values ('180','Winston','Taylor','WTAYLOR','650.507.9876',str_to_date('24-01-2006','%d-%m-%Y'),'SH_CLERK','3200',null,'120','50');
	Insert into EMPLOYEES (ID,FIRST_NAME,LAST_NAME,EMAIL,PHONE_NUMBER,HIRE_DATE,JOB,SALARY,COMMISSION_PCT,MANAGER,DEPARTMENT) values ('181','Jean','Fleaur','JFLEAUR','650.507.9877',str_to_date('23-02-2006','%d-%m-%Y'),'SH_CLERK','3100',null,'120','50');
	Insert into EMPLOYEES (ID,FIRST_NAME,LAST_NAME,EMAIL,PHONE_NUMBER,HIRE_DATE,JOB,SALARY,COMMISSION_PCT,MANAGER,DEPARTMENT) values ('182','Martha','Sullivan','MSULLIVA','650.507.9878',str_to_date('21-06-2007','%d-%m-%Y'),'SH_CLERK','2500',null,'120','50');
	Insert into EMPLOYEES (ID,FIRST_NAME,LAST_NAME,EMAIL,PHONE_NUMBER,HIRE_DATE,JOB,SALARY,COMMISSION_PCT,MANAGER,DEPARTMENT) values ('183','Girard','Geoni','GGEONI','650.507.9879',str_to_date('03-02-2008','%d-%m-%Y'),'SH_CLERK','2800',null,'120','50');
	Insert into EMPLOYEES (ID,FIRST_NAME,LAST_NAME,EMAIL,PHONE_NUMBER,HIRE_DATE,JOB,SALARY,COMMISSION_PCT,MANAGER,DEPARTMENT) values ('184','Nandita','Sarchand','NSARCHAN','650.509.1876',str_to_date('27-01-2004','%d-%m-%Y'),'SH_CLERK','4200',null,'121','50');
	Insert into EMPLOYEES (ID,FIRST_NAME,LAST_NAME,EMAIL,PHONE_NUMBER,HIRE_DATE,JOB,SALARY,COMMISSION_PCT,MANAGER,DEPARTMENT) values ('185','Alexis','Bull','ABULL','650.509.2876',str_to_date('20-02-2005','%d-%m-%Y'),'SH_CLERK','4100',null,'121','50');
	Insert into EMPLOYEES (ID,FIRST_NAME,LAST_NAME,EMAIL,PHONE_NUMBER,HIRE_DATE,JOB,SALARY,COMMISSION_PCT,MANAGER,DEPARTMENT) values ('186','Julia','Dellinger','JDELLING','650.509.3876',str_to_date('24-06-2006','%d-%m-%Y'),'SH_CLERK','3400',null,'121','50');
	Insert into EMPLOYEES (ID,FIRST_NAME,LAST_NAME,EMAIL,PHONE_NUMBER,HIRE_DATE,JOB,SALARY,COMMISSION_PCT,MANAGER,DEPARTMENT) values ('187','Anthony','Cabrio','ACABRIO','650.509.4876',str_to_date('07-02-2007','%d-%m-%Y'),'SH_CLERK','3000',null,'121','50');
	Insert into EMPLOYEES (ID,FIRST_NAME,LAST_NAME,EMAIL,PHONE_NUMBER,HIRE_DATE,JOB,SALARY,COMMISSION_PCT,MANAGER,DEPARTMENT) values ('188','Kelly','Chung','KCHUNG','650.505.1876',str_to_date('14-06-2005','%d-%m-%Y'),'SH_CLERK','3800',null,'122','50');
	Insert into EMPLOYEES (ID,FIRST_NAME,LAST_NAME,EMAIL,PHONE_NUMBER,HIRE_DATE,JOB,SALARY,COMMISSION_PCT,MANAGER,DEPARTMENT) values ('189','Jennifer','Dilly','JDILLY','650.505.2876',str_to_date('13-08-2005','%d-%m-%Y'),'SH_CLERK','3600',null,'122','50');
	Insert into EMPLOYEES (ID,FIRST_NAME,LAST_NAME,EMAIL,PHONE_NUMBER,HIRE_DATE,JOB,SALARY,COMMISSION_PCT,MANAGER,DEPARTMENT) values ('190','Timothy','Gates','TGATES','650.505.3876',str_to_date('11-07-2006','%d-%m-%Y'),'SH_CLERK','2900',null,'122','50');
	Insert into EMPLOYEES (ID,FIRST_NAME,LAST_NAME,EMAIL,PHONE_NUMBER,HIRE_DATE,JOB,SALARY,COMMISSION_PCT,MANAGER,DEPARTMENT) values ('191','Randall','Perkins','RPERKINS','650.505.4876',str_to_date('19-12-2007','%d-%m-%Y'),'SH_CLERK','2500',null,'122','50');
	Insert into EMPLOYEES (ID,FIRST_NAME,LAST_NAME,EMAIL,PHONE_NUMBER,HIRE_DATE,JOB,SALARY,COMMISSION_PCT,MANAGER,DEPARTMENT) values ('192','Sarah','Bell','SBELL','650.501.1876',str_to_date('04-02-2004','%d-%m-%Y'),'SH_CLERK','4000',null,'123','50');
	Insert into EMPLOYEES (ID,FIRST_NAME,LAST_NAME,EMAIL,PHONE_NUMBER,HIRE_DATE,JOB,SALARY,COMMISSION_PCT,MANAGER,DEPARTMENT) values ('193','Britney','Everett','BEVERETT','650.501.2876',str_to_date('03-03-2005','%d-%m-%Y'),'SH_CLERK','3900',null,'123','50');
	Insert into EMPLOYEES (ID,FIRST_NAME,LAST_NAME,EMAIL,PHONE_NUMBER,HIRE_DATE,JOB,SALARY,COMMISSION_PCT,MANAGER,DEPARTMENT) values ('194','Samuel','McCain','SMCCAIN','650.501.3876',str_to_date('01-07-2006','%d-%m-%Y'),'SH_CLERK','3200',null,'123','50');
	Insert into EMPLOYEES (ID,FIRST_NAME,LAST_NAME,EMAIL,PHONE_NUMBER,HIRE_DATE,JOB,SALARY,COMMISSION_PCT,MANAGER,DEPARTMENT) values ('195','Vance','Jones','VJONES','650.501.4876',str_to_date('17-03-2007','%d-%m-%Y'),'SH_CLERK','2800',null,'123','50');
	Insert into EMPLOYEES (ID,FIRST_NAME,LAST_NAME,EMAIL,PHONE_NUMBER,HIRE_DATE,JOB,SALARY,COMMISSION_PCT,MANAGER,DEPARTMENT) values ('196','Alana','Walsh','AWALSH','650.507.9811',str_to_date('24-04-2006','%d-%m-%Y'),'SH_CLERK','3100',null,'124','50');
	Insert into EMPLOYEES (ID,FIRST_NAME,LAST_NAME,EMAIL,PHONE_NUMBER,HIRE_DATE,JOB,SALARY,COMMISSION_PCT,MANAGER,DEPARTMENT) values ('197','Kevin','Feeney','KFEENEY','650.507.9822',str_to_date('23-05-2006','%d-%m-%Y'),'SH_CLERK','3000',null,'124','50');
	Insert into EMPLOYEES (ID,FIRST_NAME,LAST_NAME,EMAIL,PHONE_NUMBER,HIRE_DATE,JOB,SALARY,COMMISSION_PCT,MANAGER,DEPARTMENT) values ('198','Donald','OConnell','DOCONNEL','650.507.9833',str_to_date('21-06-2007','%d-%m-%Y'),'SH_CLERK','2600',null,'124','50');
	Insert into EMPLOYEES (ID,FIRST_NAME,LAST_NAME,EMAIL,PHONE_NUMBER,HIRE_DATE,JOB,SALARY,COMMISSION_PCT,MANAGER,DEPARTMENT) values ('199','Douglas','Grant','DGRANT','650.507.9844',str_to_date('13-01-2008','%d-%m-%Y'),'SH_CLERK','2600',null,'124','50');
	Insert into EMPLOYEES (ID,FIRST_NAME,LAST_NAME,EMAIL,PHONE_NUMBER,HIRE_DATE,JOB,SALARY,COMMISSION_PCT,MANAGER,DEPARTMENT) values ('200','Jennifer','Whalen','JWHALEN','515.123.4444',str_to_date('17-09-2003','%d-%m-%Y'),'AD_ASST','4400',null,'101','10');
	Insert into EMPLOYEES (ID,FIRST_NAME,LAST_NAME,EMAIL,PHONE_NUMBER,HIRE_DATE,JOB,SALARY,COMMISSION_PCT,MANAGER,DEPARTMENT) values ('201','Michael','Hartstein','MHARTSTE','515.123.5555',str_to_date('17-02-2004','%d-%m-%Y'),'MK_MAN','13000',null,'100','20');
	Insert into EMPLOYEES (ID,FIRST_NAME,LAST_NAME,EMAIL,PHONE_NUMBER,HIRE_DATE,JOB,SALARY,COMMISSION_PCT,MANAGER,DEPARTMENT) values ('202','Pat','Fay','PFAY','603.123.6666',str_to_date('17-08-2005','%d-%m-%Y'),'MK_REP','6000',null,'201','20');
	Insert into EMPLOYEES (ID,FIRST_NAME,LAST_NAME,EMAIL,PHONE_NUMBER,HIRE_DATE,JOB,SALARY,COMMISSION_PCT,MANAGER,DEPARTMENT) values ('203','Susan','Mavris','SMAVRIS','515.123.7777',str_to_date('07-06-2002','%d-%m-%Y'),'HR_REP','6500',null,'101','40');
	Insert into EMPLOYEES (ID,FIRST_NAME,LAST_NAME,EMAIL,PHONE_NUMBER,HIRE_DATE,JOB,SALARY,COMMISSION_PCT,MANAGER,DEPARTMENT) values ('204','Hermann','Baer','HBAER','515.123.8888',str_to_date('07-06-2002','%d-%m-%Y'),'PR_REP','10000',null,'101','70');
	Insert into EMPLOYEES (ID,FIRST_NAME,LAST_NAME,EMAIL,PHONE_NUMBER,HIRE_DATE,JOB,SALARY,COMMISSION_PCT,MANAGER,DEPARTMENT) values ('205','Shelley','Higgins','SHIGGINS','515.123.8080',str_to_date('07-06-2002','%d-%m-%Y'),'AC_MGR','12008',null,'101','110');
	Insert into EMPLOYEES (ID,FIRST_NAME,LAST_NAME,EMAIL,PHONE_NUMBER,HIRE_DATE,JOB,SALARY,COMMISSION_PCT,MANAGER,DEPARTMENT) values ('206','William','Gietz','WGIETZ','515.123.8181',str_to_date('07-06-2002','%d-%m-%Y'),'AC_ACCOUNT','8300',null,'205','110');
	Insert into EMPLOYEES (ID,FIRST_NAME,LAST_NAME,EMAIL,PHONE_NUMBER,HIRE_DATE,JOB,SALARY,COMMISSION_PCT,MANAGER,DEPARTMENT) values ('207','Mochamad','Yusuf','UCUP','515.123.8181',str_to_date('02-11-2020','%d-%m-%Y'),'IT_PROG','2000',null,null,null);

	-- INSERTING into DEPARTMENTS
	/* SET DEFINE OFF; */
	Insert into DEPARTMENTS (ID,NAME,MANAGER,LOCATION) values ('10','Administration','200','1700');
	Insert into DEPARTMENTS (ID,NAME,MANAGER,LOCATION) values ('20','Marketing','201','1800');
	Insert into DEPARTMENTS (ID,NAME,MANAGER,LOCATION) values ('30','Purchasing','114','1700');
	Insert into DEPARTMENTS (ID,NAME,MANAGER,LOCATION) values ('40','Human Resources','203','2400');
	Insert into DEPARTMENTS (ID,NAME,MANAGER,LOCATION) values ('50','Shipping','121','1500');
	Insert into DEPARTMENTS (ID,NAME,MANAGER,LOCATION) values ('60','IT','103','1400');
	Insert into DEPARTMENTS (ID,NAME,MANAGER,LOCATION) values ('70','Public Relations','204','2700');
	Insert into DEPARTMENTS (ID,NAME,MANAGER,LOCATION) values ('80','Sales','145','2500');
	Insert into DEPARTMENTS (ID,NAME,MANAGER,LOCATION) values ('90','Executive','100','1700');
	Insert into DEPARTMENTS (ID,NAME,MANAGER,LOCATION) values ('100','Finance','108','1700');
	Insert into DEPARTMENTS (ID,NAME,MANAGER,LOCATION) values ('110','Accounting','205','1700');
	Insert into DEPARTMENTS (ID,NAME,MANAGER,LOCATION) values ('120','Treasury',null,'1700');
	Insert into DEPARTMENTS (ID,NAME,MANAGER,LOCATION) values ('130','Corporate Tax',null,'1700');
	Insert into DEPARTMENTS (ID,NAME,MANAGER,LOCATION) values ('140','Control And Credit',null,'1700');
	Insert into DEPARTMENTS (ID,NAME,MANAGER,LOCATION) values ('150','Shareholder Services',null,'1700');
	Insert into DEPARTMENTS (ID,NAME,MANAGER,LOCATION) values ('160','Benefits',null,'1700');
	Insert into DEPARTMENTS (ID,NAME,MANAGER,LOCATION) values ('170','Manufacturing',null,'1700');
	Insert into DEPARTMENTS (ID,NAME,MANAGER,LOCATION) values ('180','Construction',null,'1700');
	Insert into DEPARTMENTS (ID,NAME,MANAGER,LOCATION) values ('190','Contracting',null,'1700');
	Insert into DEPARTMENTS (ID,NAME,MANAGER,LOCATION) values ('200','Operations',null,'1700');
	Insert into DEPARTMENTS (ID,NAME,MANAGER,LOCATION) values ('210','IT Support',null,'1700');
	Insert into DEPARTMENTS (ID,NAME,MANAGER,LOCATION) values ('220','NOC',null,'1700');
	Insert into DEPARTMENTS (ID,NAME,MANAGER,LOCATION) values ('230','IT Helpdesk',null,'1700');
	Insert into DEPARTMENTS (ID,NAME,MANAGER,LOCATION) values ('240','Government Sales',null,'1700');
	Insert into DEPARTMENTS (ID,NAME,MANAGER,LOCATION) values ('250','Retail Sales',null,'1700');
	Insert into DEPARTMENTS (ID,NAME,MANAGER,LOCATION) values ('260','Recruiting',null,'1700');
	Insert into DEPARTMENTS (ID,NAME,MANAGER,LOCATION) values ('270','Payroll',null,'1700');

	-- INSERTING into JOB_HISTORY
	/* SET DEFINE OFF; */
	Insert into JOB_HISTORY (EMPLOYEE,START_DATE,END_DATE,JOB,DEPARTMENT) values ('102',str_to_date('13-01-2001','%d-%m-%Y'),str_to_date('24-07-2006','%d-%m-%Y'),'IT_PROG','60');
	Insert into JOB_HISTORY (EMPLOYEE,START_DATE,END_DATE,JOB,DEPARTMENT) values ('101',str_to_date('21-09-1997','%d-%m-%Y'),str_to_date('27-10-2001','%d-%m-%Y'),'AC_ACCOUNT','110');
	Insert into JOB_HISTORY (EMPLOYEE,START_DATE,END_DATE,JOB,DEPARTMENT) values ('101',str_to_date('28-10-2001','%d-%m-%Y'),str_to_date('15-03-2005','%d-%m-%Y'),'AC_MGR','110');
	Insert into JOB_HISTORY (EMPLOYEE,START_DATE,END_DATE,JOB,DEPARTMENT) values ('201',str_to_date('17-02-2004','%d-%m-%Y'),str_to_date('19-12-2007','%d-%m-%Y'),'MK_REP','20');
	Insert into JOB_HISTORY (EMPLOYEE,START_DATE,END_DATE,JOB,DEPARTMENT) values ('114',str_to_date('24-03-2006','%d-%m-%Y'),str_to_date('31-12-2007','%d-%m-%Y'),'ST_CLERK','50');
	Insert into JOB_HISTORY (EMPLOYEE,START_DATE,END_DATE,JOB,DEPARTMENT) values ('122',str_to_date('01-01-2007','%d-%m-%Y'),str_to_date('31-12-2007','%d-%m-%Y'),'ST_CLERK','50');
	Insert into JOB_HISTORY (EMPLOYEE,START_DATE,END_DATE,JOB,DEPARTMENT) values ('200',str_to_date('17-09-1995','%d-%m-%Y'),str_to_date('17-06-2001','%d-%m-%Y'),'AD_ASST','90');
	Insert into JOB_HISTORY (EMPLOYEE,START_DATE,END_DATE,JOB,DEPARTMENT) values ('176',str_to_date('24-03-2006','%d-%m-%Y'),str_to_date('31-12-2006','%d-%m-%Y'),'SA_REP','80');
	Insert into JOB_HISTORY (EMPLOYEE,START_DATE,END_DATE,JOB,DEPARTMENT) values ('176',str_to_date('01-01-2007','%d-%m-%Y'),str_to_date('31-12-2007','%d-%m-%Y'),'SA_MAN','80');
	Insert into JOB_HISTORY (EMPLOYEE,START_DATE,END_DATE,JOB,DEPARTMENT) values ('200',str_to_date('01-07-2002','%d-%m-%Y'),str_to_date('31-12-2006','%d-%m-%Y'),'AC_ACCOUNT','90');
	-- INSERTING into MD_ADDITIONAL_PROPERTIES
	/* SET DEFINE OFF; */
	-- INSERTING into MD_APPLICATIONFILES
	/* SET DEFINE OFF; */
	-- INSERTING into MD_APPLICATIONS
	/* SET DEFINE OFF; */
	-- INSERTING into MD_CATALOGS
	/* SET DEFINE OFF; */
	-- INSERTING into MD_CODE_REGEX
	/* SET DEFINE OFF; */
	-- INSERTING into MD_COLUMNS
	/* SET DEFINE OFF; */
	-- INSERTING into MD_CONNECTIONS
	/* SET DEFINE OFF; */
	-- INSERTING into MD_CONSTRAINT_DETAILS
	/* SET DEFINE OFF; */
	-- INSERTING into MD_CONSTRAINTS
	/* SET DEFINE OFF; */
	-- INSERTING into MD_DERIVATIVES
	/* SET DEFINE OFF; */
	-- INSERTING into MD_FILE_ARTIFACTS
	/* SET DEFINE OFF; */
	-- INSERTING into MD_GROUP_MEMBERS
	/* SET DEFINE OFF; */
	-- INSERTING into MD_GROUP_PRIVILEGES
	/* SET DEFINE OFF; */
	-- INSERTING into MD_GROUPS
	/* SET DEFINE OFF; */
	-- INSERTING into MD_INDEX_DETAILS
	/* SET DEFINE OFF; */
	-- INSERTING into MD_INDEXES
	/* SET DEFINE OFF; */
	-- INSERTING into MD_MIGR_DEPENDENCY
	/* SET DEFINE OFF; */
	-- INSERTING into MD_MIGR_PARAMETER
	/* SET DEFINE OFF; */
	-- INSERTING into MD_MIGR_WEAKDEP
	/* SET DEFINE OFF; */
	-- INSERTING into MD_NUMROW$SOURCE
	/* SET DEFINE OFF; */
	-- INSERTING into MD_NUMROW$TARGET
	/* SET DEFINE OFF; */
	-- INSERTING into MD_OTHER_OBJECTS
	/* SET DEFINE OFF; */
	-- INSERTING into MD_PACKAGES
	/* SET DEFINE OFF; */
	-- INSERTING into MD_PARTITIONS
	/* SET DEFINE OFF; */
	-- INSERTING into MD_PRIVILEGES
	/* SET DEFINE OFF; */
	-- INSERTING into MD_PROJECTS
	/* SET DEFINE OFF; */
	-- INSERTING into MD_REGISTRY
	/* SET DEFINE OFF; */
	-- INSERTING into MD_REPOVERSIONS
	/* SET DEFINE OFF; */
	-- INSERTING into MD_SCHEMAS
	/* SET DEFINE OFF; */
	-- INSERTING into MD_SEQUENCES
	/* SET DEFINE OFF; */
	-- INSERTING into MD_STORED_PROGRAMS
	/* SET DEFINE OFF; */
	-- INSERTING into MD_SYNONYMS
	/* SET DEFINE OFF; */
	-- INSERTING into MD_TABLES
	/* SET DEFINE OFF; */
	-- INSERTING into MD_TABLESPACES
	/* SET DEFINE OFF; */
	-- INSERTING into MD_TRIGGERS
	/* SET DEFINE OFF; */
	-- INSERTING into MD_USER_DEFINED_DATA_TYPES
	/* SET DEFINE OFF; */
	-- INSERTING into MD_USER_PRIVILEGES
	/* SET DEFINE OFF; */
	-- INSERTING into MD_USERS
	/* SET DEFINE OFF; */
	-- INSERTING into MD_VIEWS
	/* SET DEFINE OFF; */
	-- INSERTING into MIGR_DATATYPE_TRANSFORM_MAP
	/* SET DEFINE OFF; */
	-- INSERTING into MIGR_DATATYPE_TRANSFORM_RULE
	/* SET DEFINE OFF; */
	-- INSERTING into MIGR_GENERATION_ORDER
	/* SET DEFINE OFF; */
	-- INSERTING into MIGRLOG
	/* SET DEFINE OFF; */
	-- INSERTING into STAGE_MIGRLOG
	/* SET DEFINE OFF; */

